fromNode,toNode
9605222,9412236
9605222,9503212
9605222,9510225
9609239,9412236
9609239,9510225
9609239,9510234
9609239,9511222
9705220,9510225
9705220,9607207
9705220,9609239
9705220,9610251
9705220,9611201
9705220,9611230
9705220,9703210
9710230,9511222
9710230,9610234
9710230,9710206
9811217,9605222
9811217,9607207
9811217,9609239
9811217,9611201
9811217,9705220
9811217,9706226
9811217,9802202
9811217,9803224
9909229,9503212
9909229,9903224
9910238,9607207
9910238,9611201
9910238,9611230
9910238,9909229
9910248,9607207
9910248,9609239
9910248,9611230
9910248,9805206
9910248,9909229
9910248,9910238
9910268,9607207
9910268,9609239
9910268,9611201
9910268,9705220
9910268,9811217
9910268,9909229
9910268,9910216
9910268,9910238
9910268,9910248
9803235,9510209
9803235,9510227
9803235,9511203
9803235,9609209
9803235,9707208
9803235,9707223
9803235,9709214
9803235,9710208
9803235,9712214
9803235,9801204
9905210,9510209
9905210,9609209
9905210,9611213
9905210,9801206
9905210,9803235
9905210,9903225
9907209,9905210
9910219,9803235
9910219,9903225
9910219,9905210
9912242,9905221
9912242,9907209
9912242,9910269
9712257,9503207
9712257,9607229
9712257,9711201
9912239,9503207
9912239,9712257
9706225,9511222
9710231,9510209
9710231,9512219
9710231,9607201
9710231,9610236
9710231,9611202
9710231,9611215
9710231,9612223
9710231,9702203
9710231,9703208
9710231,9703218
9710231,9707217
9710231,9707228
9710231,9707250
9710231,9707259
9710231,9709220
9903205,9612205
9903205,9811237
9903205,9812219
9907211,9709220
9907211,9812239
9907211,9903210
9909205,9903225
9911234,9905210
9911234,9907209
9806244,9705216
9806217,9611230
9806217,9702201
9911215,9806217
9911215,9807226
9903223,9611228
9911218,9902208
9911218,9906204
9707253,9510221
9912223,9909210
9702202,9611230
9702202,9612204
9912226,9803216
9710206,9510225
9710206,9511222
9710206,9610234
9710206,9612214
9811237,9503207
9811237,9712257
9912279,9511222
9912279,9610234
9912279,9710206
9912279,9710230
9412228,9312206
9812209,9511222
9812209,9610251
9812209,9705237
9812209,9801205
9812209,9804210
9812209,9805220
9812209,9811228
9806236,9712239
9806236,9712246
9906204,9511203
9906204,9803235
9910269,9510209
9910269,9803235
9910269,9909205
9911237,9905210
9911237,9906204
9911237,9907209
9911237,9910202
9912230,9512210
9912230,9609238
9912230,9906204
9912230,9910219
9912230,9911237
9912232,9611213
9912232,9905210
9912232,9907209
9912232,9911218
9912233,9510209
9912233,9909205
9912287,9910219
9912287,9911230
9912287,9912233
9511222,9510225
9607229,9503207
9610234,9510209
9610234,9512219
9610234,9609211
9812218,9610236
9812218,9707228
9812218,9709220
9812218,9806240
9812218,9807229
9911238,9803205
9911238,9811257
9911238,9903214
9911238,9909203
9710233,9605231
9807235,9702203
9807235,9707214
9807235,9712230
9807235,9803249
9904207,9510227
9904207,9512219
9904207,9612215
9904207,9712257
9904207,9811237
9904207,9812226
9912249,9705241
9912249,9811237
9912275,9904207
9912275,9906214
9903215,9804210
9903215,9805220
9903215,9812227
9903219,9503205
9903219,9510227
9903219,9712256
9903219,9712258
9903219,9811245
9903219,9812252
9903224,9503205
9903224,9709228
9903224,9712258
9903224,9810210
9903224,9812252
9906215,9712256
9906215,9712258
9906215,9903219
9906215,9903224
9611230,9607207
9611230,9611201
9705221,9512219
9705221,9611202
9705221,9703208
9503208,9412236
9712230,9611214
9712230,9702203
9712230,9709220
9810201,9412236
9810201,9510209
9810201,9512219
9810201,9712230
9810201,9803249
9810201,9807205
9906242,9411234
9906242,9503208
9906242,9609239
9906242,9710206
9906242,9710230
9906242,9712230
9906242,9712257
9906242,9807235
9906242,9812226
9803263,9712239
9803263,9801206
9803263,9802203
9412209,9410212
9412209,9411218
9705208,9503205
9607215,9412228
9803232,9510225
9803232,9510234
9803232,9609239
9803232,9611230
9803232,9712230
9910249,9712257
9910249,9811237
9910249,9812226
9910249,9904207
9910249,9906242
9910249,9910217
9506207,9410205
9705226,9506207
9810239,9704214
9811232,9406206
9811232,9406217
9811232,9411235
9811232,9610249
9811232,9611213
9811232,9710236
9905218,9705226
9905218,9811232
9911221,9704214
9911221,9801206
9911221,9810239
9911221,9811232
9911221,9903230
9909202,9712211
9903246,9803265
9903246,9807232
9911249,9807232
9911249,9903246
9810214,9503207
9810214,9607229
9810214,9711201
9906234,9510209
9906234,9810214
9906234,9903226
9906234,9904211
9906234,9906210
9906234,9906220
9912257,9503207
9912257,9803214
9912257,9803249
9912257,9810214
9912257,9906220
9912257,9906234
9705209,9503205
9705209,9605234
9809210,9510201
9809210,9704209
9809210,9809208
9610237,9510209
9707222,9610237
9803265,9609219
9803265,9712241
9811228,9411234
9811228,9511222
9811228,9810210
9709206,9605234
9709206,9612234
9709206,9703211
9709206,9703216
9709206,9705239
9810219,9611202
9810219,9712201
9909215,9803263
9909215,9812219
9909215,9903205
9909215,9903239
9909215,9907211
9909215,9909202
9611214,9605234
9611214,9610250
9611203,9510209
9611203,9512219
9611203,9607201
9611203,9607227
9611203,9610249
9905223,9906244
9802202,9609239
9803224,9705210
9803224,9709209
9811240,9609239
9811240,9803224
9811240,9811217
9912208,9510209
9912208,9609209
9912208,9802202
9912208,9803224
9912208,9803235
9912208,9811217
9912208,9811240
9612231,9605215
9612231,9607202
9810206,9802203
9906224,9807225
9906224,9906201
9810250,9810201
9810250,9810244
9812212,9611230
9909228,9707262
9909228,9810250
9911206,9610234
9911245,9711205
9911245,9911206
9912293,9907211
9710208,9510209
9710208,9707208
9710208,9707223
9710208,9709214
9903238,9702202
9903238,9812202
9903238,9903203
9903238,9903228
9903238,9903229
9906216,9810206
9906216,9811208
9812224,9510209
9812224,9511222
9812224,9707217
9812224,9707224
9812224,9709219
9812224,9804208
9812224,9812210
9910241,9812219
9910241,9904207
9912267,9806241
9707246,9510209
9707246,9512219
9707246,9607201
9707246,9610234
9707246,9611203
9710223,9510209
9710223,9607227
9710223,9610234
9710223,9610236
9710223,9707228
9710223,9707246
9801202,9607227
9801202,9610249
9801202,9710223
9803216,9702202
9803216,9707251
9803216,9711205
9804202,9609212
9804202,9803209
9805209,9609212
9805209,9804202
9809204,9510209
9809204,9607201
9809204,9607227
9809204,9611203
9809204,9707250
9809204,9710223
9809204,9801202
9809204,9801206
9809204,9805217
9611204,9406216
9611204,9510209
9611204,9510227
9611204,9610238
9611204,9610252
9903225,9510209
9903225,9511203
9903225,9705223
9903225,9803235
9910202,9510209
9910202,9707223
9910202,9710208
9910202,9712214
9910202,9803235
9910202,9906246
9903210,9510209
9903210,9511222
9903210,9610237
9903210,9611214
9903210,9707222
9903210,9707224
9903210,9710206
9910218,9706203
9910218,9905213
9810205,9712251
9810205,9804209
9810227,9712221
9903214,9511203
9903214,9612229
9903214,9810225
9903214,9810227
9903214,9903201
9903269,9810227
9903269,9902208
9903269,9903214
9903269,9903241
9811211,9410209
9811211,9712257
9609209,9510209
9903249,9709216
9607201,9510209
9607201,9512219
9712211,9607201
9712211,9711202
9806206,9411231
9806206,9704210
9806206,9803203
9903230,9607239
9912210,9803251
9912210,9806216
9912210,9812238
9912210,9911222
9912210,9911238
9912210,9912250
9610204,9605215
9610204,9607239
9711201,9503207
9711201,9510209
9711201,9512219
9711201,9512226
9711201,9607229
9711201,9612202
9906241,9812233
9607227,9511203
9903212,9611213
9903212,9803235
9903212,9807213
9906246,9903212
9510224,9312210
9510224,9510204
9710239,9609219
9710239,9609239
9710239,9610251
9902205,9510204
9902205,9510224
9902205,9609219
9902205,9610242
9902205,9704205
9902205,9710239
9906235,9607207
9906235,9607213
9906235,9609219
9906235,9610207
9906235,9610251
9906235,9702201
9906235,9710239
9906240,9510204
9906240,9510224
9906240,9611230
9906240,9612238
9906240,9902205
9906240,9903252
9906240,9905224
9909224,9510204
9909224,9510224
9909224,9609219
9909224,9710239
9909224,9902205
9711203,9406217
9711203,9510216
9711203,9607227
9711203,9611203
9812225,9707217
9812225,9710247
9812225,9812224
9910266,9812225
9910266,9904207
9712222,9412213
9811248,9809209
9706221,9406216
9706221,9610238
9806230,9406216
9806230,9706221
9806233,9406216
9806233,9706221
9806233,9806230
9812202,9411214
9905211,9810201
9905211,9812202
9910245,9903224
9810226,9712211
9810226,9712239
9906220,9803249
9906220,9810201
9906220,9811208
9906220,9903226
9707244,9611230
9707244,9703210
9707244,9705232
9906243,9406208
9906243,9707244
9906243,9807218
9803214,9712239
9803214,9802203
9803249,9803214
9805218,9803214
9805218,9803249
9812245,9702204
9707241,9609217
9707241,9707222
9910256,9709220
9910256,9806217
9910256,9807226
9910256,9908203
9910256,9909222
9710236,9406217
9803231,9510209
9803231,9511203
9803231,9609212
9803231,9702202
9803231,9710214
9803231,9712239
9803231,9801206
9803231,9802203
9803231,9803220
9811245,9803231
9812226,9512219
9812226,9710206
9812226,9710230
9812226,9810201
9812226,9810244
9703217,9610250
9703217,9611202
9703217,9702202
9703217,9702205
9703217,9703204
9912290,9903249
9806235,9803252
9806235,9803263
9803205,9411210
9803205,9610234
9803205,9712205
9911246,9511222
9911246,9610236
9911246,9801206
9911246,9803249
9911246,9810237
9907203,9711201
9912204,9607229
9912204,9711201
9912204,9810214
9912204,9904211
9912204,9906234
9912204,9910228
9611233,9607201
9612204,9510229
9612222,9610236
9612222,9611202
9612222,9611215
9906206,9510209
9906206,9605234
9906206,9709206
9906206,9811224
9906232,9609212
9906232,9811207
9906232,9902208
9906232,9902210
9811244,9406217
9811244,9607227
9811244,9711203
9912222,9406217
9912222,9702202
9912222,9711203
9912222,9811232
9912222,9811244
9912264,9903241
9912292,9406217
9912292,9702202
9912292,9711203
9912292,9811232
9912292,9811244
9607233,9607208
9611202,9510229
9611202,9512203
9611202,9610236
9810210,9510225
9810210,9610234
9810210,9705221
9810210,9707250
9810210,9712251
9607203,9406206
9706207,9607203
9706207,9702202
9904217,9710230
9904217,9810210
9904217,9903267
9908202,9607203
9908202,9706207
9908202,9710231
9805217,9801206
9807206,9709202
9807206,9801206
9807206,9805217
9906217,9803251
9906217,9805217
9906217,9806216
9906217,9807206
9906217,9812238
9912284,9807206
9912284,9809213
9912284,9906217
9906248,9806240
9903248,9712251
9903232,9707224
9903232,9801205
9903232,9804210
9903232,9811228
9903232,9902202
9907214,9611214
9907214,9906239
9702203,9611202
9707228,9610236
9707228,9611202
9707228,9612223
9707228,9702203
9707228,9703217
9707228,9707214
9709220,9611202
9709220,9705221
9709220,9707217
9709220,9707250
9709220,9707259
9712201,9611202
9712201,9611233
9712201,9702203
9712201,9703218
9712201,9710231
9712223,9503212
9712223,9510225
9712223,9510227
9712223,9702203
9712223,9705221
9712223,9707217
9712223,9707250
9712223,9707259
9712223,9709220
9803209,9510209
9803209,9611203
9803209,9702203
9803209,9705225
9803209,9707246
9803209,9710215
9812239,9610236
9812239,9611202
9812239,9612223
9812239,9702203
9812239,9707228
9812239,9710231
9812239,9803209
9909226,9905223
9711205,9609217
9702201,9510209
9702201,9510225
9702201,9511222
9702201,9607201
9702201,9611203
9702201,9612254
9806231,9803204
9811257,9810206
9911222,9810226
9911222,9811257
9909203,9903214
9909203,9906221
9910252,9903214
9910252,9906221
9910252,9909203
9703214,9607201
9703214,9611203
9912206,9510209
9912206,9707223
9912206,9710208
9912206,9803235
9801206,9712239
9809213,9610249
9809213,9801206
9809213,9805217
9809213,9807206
9805208,9703216
9805208,9712251
9805208,9803227
9902209,9806204
9704202,9503225
9905206,9704202
9906201,9803263
9906201,9903201
9806214,9609216
9806214,9611215
9806214,9709225
9806214,9710217
9806214,9710226
9806214,9712236
9903226,9803249
9906221,9511203
9906221,9902208
9906221,9903214
9911240,9810206
9911240,9909203
9907201,9712251
9907201,9906220
9707235,9605219
9707235,9609233
9810254,9611230
9810254,9803232
9903239,9810215
9902208,9609212
9707211,9511208
9807234,9707211
9807234,9802204
9811213,9709220
9811213,9712201
9811213,9810219
9703204,9612204
9703204,9702205
9610238,9406216
9610251,9510234
9610251,9607207
9610251,9609219
9610251,9609239
9911209,9905223
9911209,9909226
9707250,9609219
9707250,9705212
9707250,9705221
9707250,9707217
9706226,9512204
9811201,9707214
9811201,9712230
9811201,9803249
9811201,9807222
9811201,9810201
9909212,9510209
9909212,9609209
9909212,9807213
9909212,9904207
9905227,9712251
9905227,9803263
9905227,9903228
9906226,9712251
9906226,9903228
9906226,9905227
9907204,9903227
9907204,9905227
9907204,9906201
9907204,9906224
9907204,9906226
9611201,9607207
9807205,9605201
9810244,9412236
9810244,9810201
9810244,9810223
9810257,9607207
9811230,9712230
9811230,9810201
9811230,9810206
9905226,9712239
9905226,9802203
9905226,9803214
9905226,9810201
9905226,9810226
9905226,9811230
9905226,9907216
9907216,9810201
9907216,9810244
9907216,9905226
9907219,9611201
9907219,9807205
9907219,9810201
9907219,9810244
9907219,9810250
9907219,9905226
9801205,9607201
9801205,9611230
9801205,9711202
9801205,9712211
9804210,9607201
9804210,9611230
9804210,9711202
9804210,9712211
9804210,9801205
9805220,9607201
9805220,9712211
9805220,9801205
9805220,9804210
9811207,9702202
9811207,9706207
9905230,9607201
9905230,9611230
9905230,9707214
9905230,9712230
9905230,9803232
9905230,9811201
9905230,9811258
9905230,9812226
9905230,9905212
9906247,9607201
9906247,9712211
9910236,9705221
9910236,9707217
9910236,9909229
9910233,9803251
9910207,9411234
9910207,9412209
9910207,9510234
9910207,9611205
9910207,9707224
9910207,9801205
9910207,9804210
9910207,9810210
9910207,9811228
9910207,9902202
9910207,9903232
9907202,9410237
9907202,9710243
9907202,9803209
9912236,9811213
9912236,9907202
9610223,9803264
9705205,9703214
9707215,9703214
9707215,9705205
9906223,9705205
9906223,9707215
9802203,9801206
9912218,9503207
9912218,9607229
9912218,9712257
9912218,9909212
9912218,9910228
9912218,9911205
9912218,9912204
9910228,9512226
9910228,9607229
9910228,9711201
9910228,9904207
9910228,9904211
9912250,9811257
9912250,9911222
9912250,9912210
9810225,9612229
9410237,9406206
9710246,9510207
9710246,9607235
9710246,9611230
9710246,9702201
9710246,9709209
9710246,9710231
9612223,9610236
9612223,9611202
9612223,9611215
9612216,9611230
9811214,9611230
9811214,9703228
9903244,9712251
9903244,9903222
9712239,9612202
9605234,9510225
9605234,9511218
9605234,9511222
9607235,9510209
9607235,9510225
9607235,9512203
9607235,9605234
9703216,9605234
9705239,9605234
9705239,9609204
9710244,9609217
9710244,9707207
9712213,9605234
9712213,9607201
9712213,9607235
9712253,9510225
9712253,9511222
9712253,9511227
9712253,9605224
9712253,9605234
9712253,9607235
9712253,9609204
9712253,9609217
9712253,9610234
9712253,9611214
9712253,9612248
9712253,9703204
9712253,9703211
9712253,9703216
9712253,9704204
9712253,9705221
9712253,9705239
9712253,9709206
9712253,9709220
9712253,9710217
9712253,9710226
9712253,9710231
9712253,9712213
9712253,9712215
9712253,9712221
9712253,9712236
9812216,9712251
9812216,9811245
9609204,9510209
9609204,9607235
9612202,9510227
9612202,9607201
9612202,9607235
9712215,9702202
9712215,9703204
9811251,9612202
9811251,9712215
9811251,9712221
9910237,9609204
9910237,9612202
9910237,9712215
9910237,9712251
9910237,9811251
9912244,9503212
9912244,9803249
9912244,9903224
9709228,9607207
9709228,9611230
9709228,9705221
9709228,9706210
9910264,9411210
9610216,9607219
9705229,9607219
9705229,9610216
9412236,9411210
9511206,9412236
9605225,9511206
9911220,9412236
9806216,9803251
9811256,9406206
9811256,9605212
9911230,9806216
9911230,9903203
9911230,9903229
9911230,9903238
9906228,9707253
9511204,9510225
9511230,9511204
9512204,9412236
9703210,9607207
9703210,9611230
9703228,9607202
9703228,9607207
9703228,9611230
9707224,9510209
9707224,9511222
9707224,9512219
9707224,9610237
9707224,9611222
9707224,9705221
9907215,9510209
9907215,9511222
9907215,9512219
9907215,9703210
9907215,9707224
9907215,9710206
9907215,9810213
9907215,9903242
9712226,9312206
9712226,9412228
9811231,9412228
9811231,9807215
9909223,9510201
9909223,9809208
9910201,9312206
9910201,9811231
9811208,9803263
9811208,9810214
9810251,9712251
9910220,9810230
9706210,9410237
9706210,9503226
9706210,9607201
9803206,9803203
9512219,9510209
9710245,9612219
9710245,9707224
9806226,9512219
9806226,9703210
9903242,9607207
9903242,9611201
9903242,9611230
9903242,9703210
9903242,9705220
9903242,9806238
9903242,9810254
9903242,9810257
9803220,9712239
9803220,9801206
9803220,9802203
9803220,9803214
9911231,9605214
9912248,9803212
9912278,9912248
9810237,9610236
9810237,9611202
9810237,9703218
9804208,9510209
9804208,9512219
9609211,9510209
9707208,9510209
9707208,9609209
9707223,9609209
9707223,9707208
9712214,9510209
9712214,9707208
9712214,9707223
9806238,9512219
9806238,9607207
9806238,9611230
9811258,9811201
9912273,9810254
9912273,9811201
9912273,9811258
9912273,9905230
9612224,9406216
9612224,9610238
9612224,9610252
9612224,9611204
9911217,9510209
9911217,9905210
9911243,9811254
9909216,9412229
9909216,9503227
9909214,9607201
9909214,9611214
9909214,9702201
9807210,9312206
9807210,9412228
9611222,9610205
9611222,9610251
9909213,9803265
9910250,9510204
9910250,9610205
9910250,9907210
9807211,9807212
9811229,9803221
9912209,9806217
9912209,9807226
9912209,9903228
9912209,9903237
9912209,9905219
9912209,9905227
9912209,9906226
9912209,9907204
9712245,9705229
9712245,9712219
9803262,9510241
9803262,9607201
9803262,9702201
9909201,9607219
9909201,9610216
9909201,9705229
9609217,9512219
9609217,9607201
9706208,9705226
9912214,9610234
9912214,9710206
9912214,9712205
9912214,9803205
9806240,9511227
9806240,9607235
9806240,9709220
9806240,9710217
9806240,9710226
9806240,9712253
9806240,9806214
9503212,9412236
9907225,9607210
9907225,9612207
9503226,9406206
9912266,9510225
9912266,9810201
9912266,9902208
9912266,9902210
9912266,9903213
9512210,9503209
9609238,9512210
9609238,9605211
9705240,9503209
9705240,9512210
9911205,9503207
9911205,9510209
9911205,9810214
9911205,9904207
9911205,9906234
9911205,9909212
9503227,9412229
9810240,9410237
9810240,9607227
9810240,9609217
9810240,9611203
9810240,9805205
9910226,9412207
9910226,9412229
9910226,9612233
9910226,9704213
9910226,9807236
9511228,9503212
9511228,9510225
9511228,9510228
9511228,9510234
9807232,9611202
9810243,9612231
9810243,9803265
9805212,9312210
9903217,9703218
9903217,9803265
9903217,9805212
9903217,9810237
9903217,9811220
9910206,9610202
9903260,9511222
9903260,9706225
9803254,9512219
9803254,9609211
9803254,9710208
9803254,9801204
9707258,9611230
9909220,9709220
9910222,9703216
9910222,9705242
9910222,9710240
9910222,9802203
9910222,9803204
9910222,9803263
9910222,9811254
9803259,9605216
9803259,9707207
9803259,9803206
9803259,9803231
9803259,9803239
9607202,9605215
9907224,9406217
9907224,9710236
9907224,9810230
9907224,9811232
9912225,9610237
9912225,9611205
9707214,9702203
9911253,9702202
9911253,9803231
9911253,9811245
9905205,9811224
9807225,9806240
9710247,9510209
9710247,9703218
9902210,9611230
9902210,9803232
9907206,9902208
9907206,9902210
9904206,9903249
9803251,9712239
9803251,9801206
9803251,9802203
9803251,9803220
9910244,9712251
9910244,9810251
9803260,9511222
9803260,9803216
9810236,9806231
9912241,9511227
9912241,9610236
9707247,9510222
9707247,9611230
9707247,9703210
9707247,9705232
9911242,9710205
9911242,9903221
9906244,9703217
9906244,9710240
9906244,9711205
9906244,9905223
9812205,9511222
9812205,9609239
9812205,9611230
9812205,9712230
9810212,9412228
9810212,9503204
9810212,9605213
9707202,9510217
9707202,9607201
9707202,9611233
9707202,9612205
9712206,9611233
9712206,9707202
9912272,9511222
9912272,9703217
9912272,9712201
9912272,9810219
9912272,9811213
9803229,9607201
9903206,9806244
9911214,9806244
9911214,9903206
9911214,9910201
9611224,9411224
9611224,9412218
9611224,9511207
9603204,9511221
9905209,9810243
9903227,9803263
9903227,9807225
9706217,9611213
9803250,9702204
9812206,9712251
9812240,9805208
9812240,9810210
9912229,9611213
9610250,9510229
9807213,9511228
9910217,9904207
9910217,9906214
9706216,9607216
9706216,9612203
9710212,9607207
9710212,9612203
9710212,9706216
9710212,9707236
9812237,9705221
9812237,9710231
9812237,9712223
9907210,9510209
9907210,9512219
9907210,9705221
9907210,9804201
9803228,9510234
9803228,9609239
9710214,9511203
9905212,9810201
9905212,9811201
9905212,9811258
9905212,9903226
9912254,9812219
9912254,9903205
9912274,9705241
9912274,9812219
9912274,9903205
9912274,9912254
9805207,9610252
9710217,9709220
9912263,9511207
9710215,9510209
9710215,9611202
9710215,9611215
9710215,9612223
9710215,9705225
9909227,9512223
9909227,9611202
9909227,9709220
9909227,9807232
9909227,9810219
9511209,9312207
9807236,9511209
9807236,9611238
9906229,9707257
9709203,9503201
9705211,9611233
9811254,9803204
9710226,9705221
9710226,9709220
9710226,9709225
9710226,9710217
9911225,9706219
9812227,9804210
9812227,9805220
9903229,9705223
9903229,9903238
9612215,9607204
9903213,9702205
9903213,9705221
9903213,9803231
9903213,9902208
9903213,9902210
9906203,9702202
9906203,9902208
9906203,9902210
9906203,9903207
9906203,9903213
9812230,9510229
9812230,9807239
9911251,9807239
9911251,9812219
9911251,9812230
9911251,9903205
9709219,9511222
9709219,9512219
9709219,9707224
9707217,9611202
9707217,9705221
9903207,9611230
9903207,9706207
9903207,9709211
9903207,9801205
9903207,9804210
9903207,9812208
9912265,9903205
9803217,9510224
9905224,9510204
9905224,9510224
9905224,9609219
9905224,9610242
9905224,9610251
9905224,9612238
9905224,9705237
9905224,9710239
9905224,9803217
9905224,9903252
9710218,9611215
9710218,9611230
9710218,9612223
9710218,9702202
9710218,9703201
9610211,9605215
9610211,9607202
9705232,9609239
9705232,9611230
9705232,9703210
9705232,9704205
9906207,9607202
9707262,9510234
9707262,9607207
9707262,9611230
9707262,9702202
9707262,9703228
9911223,9707224
9911223,9710206
9906227,9710244
9607243,9503209
9609203,9607220
9909219,9607207
9909219,9705221
9812252,9503205
9812252,9705208
9710243,9511203
9710243,9707207
9612218,9503232
9804206,9605233
9804206,9706223
9909222,9903224
9807229,9707228
9807229,9709220
9512226,9411234
9512226,9510209
9512226,9510225
9512226,9510227
9512226,9511222
9910246,9607229
9707257,9705236
9410209,9312209
9605212,9406206
9605212,9410237
9605212,9503226
9905229,9503236
9905229,9811218
9806249,9712251
9706204,9605234
9706204,9703216
9706204,9704204
9806213,9605234
9806213,9703216
9605232,9510222
9605232,9510228
9705237,9610251
9710249,9702201
9912268,9704206
9812247,9812211
9812247,9906219
9906219,9411203
9906219,9412229
9906219,9812211
9906219,9812247
9812207,9406206
9812207,9410237
9803258,9511212
9811210,9704207
9811210,9803258
9906225,9903239
9912271,9510204
9912271,9609239
9912271,9612238
9912271,9705232
9912271,9710239
9912271,9902205
9912271,9905224
9912271,9909224
9712212,9512216
9712212,9706210
9911254,9911219
9912280,9611233
9912280,9612222
9912280,9806236
9912280,9907211
9709224,9705236
9911211,9611211
9911211,9611224
9911211,9911207
9903258,9703219
9312207,9312202
9710203,9707248
9704206,9511226
9704206,9702204
9912211,9904209
9908204,9412236
9809208,9510201
9905228,9712251
9905228,9903244
9903253,9909204
9912216,9412210
9612207,9410203
9612207,9510222
9612207,9510228
9612207,9607210
9605214,9406208
9909209,9406208
9909209,9707245
9909209,9710205
9909209,9811248
9810215,9706213
9503217,9406203
9503217,9410203
9607234,9503211
9607234,9510204
9803230,9706218
9908201,9607202
9908201,9712230
9908201,9803214
9908201,9810243
9908201,9905209
9807202,9607227
9807202,9610249
9807202,9803216
9605236,9510229
9605236,9511222
9706211,9510209
9706211,9607201
9910209,9411210
9912258,9903217
9910215,9412229
9910215,9812211
9910215,9812247
9910215,9906219
9712252,9704201
9903208,9807223
9906236,9710227
9503232,9411223
9503232,9412242
9807203,9706217
9910208,9706217
9812231,9803240
9905222,9605228
9911228,9905222
9607220,9410241
9709214,9510209
9610248,9605233
9912203,9707221
9912203,9811222
9912203,9904202
9605201,9510209
9605201,9512219
9610243,9612213
9904208,9610243
9911210,9904208
9709222,9410205
9709222,9510209
9709222,9705205
9709222,9705210
9904218,9412236
9904218,9609239
9607232,9411230
9611215,9607201
9611215,9610236
9611215,9611202
9912247,9412228
9912247,9807210
9703219,9410223
9905219,9806214
9612238,9510204
9612238,9510224
9612238,9511222
9612238,9609219
9612238,9611230
9906230,9607226
9610229,9605209
9712218,9605215
9712218,9607202
9511217,9312206
9812210,9510209
9812210,9804208
9912227,9607227
9912227,9710231
9912227,9807232
9612248,9605224
9709229,9410238
9709229,9612225
9904213,9406217
9912234,9412228
9912234,9607215
9912234,9803258
9906222,9611213
9906222,9904211
9612236,9607201
9612236,9609212
9612236,9609225
9710207,9510209
9710207,9607201
9710207,9703214
9912251,9503224
9703201,9610236
9703201,9611202
9703201,9611215
9703201,9612222
9703201,9612223
9703201,9612251
9703201,9702203
9707259,9612204
9707259,9705212
9707259,9705221
9707259,9706207
9707259,9707217
9707259,9707250
9705225,9611202
9710250,9704214
9710250,9706216
9811209,9607239
9912205,9605208
9912205,9712216
9709207,9610207
9705233,9406206
9705233,9605212
9905220,9611212
9905220,9806249
9910247,9905220
9707203,9607201
9707203,9607235
9707203,9609204
9912285,9807217
9803227,9605234
9803227,9703216
9704213,9611238
9904214,9603206
9911255,9607202
9911255,9612231
9712232,9605225
9707260,9603206
9801207,9607210
9801207,9609239
9801207,9611230
9801207,9703210
9801207,9705232
9801207,9707244
9801207,9707247
9801207,9707258
9702204,9511226
9709225,9703211
9709225,9705221
9712202,9412203
9712202,9503203
9712202,9510210
9712202,9703211
9712202,9710217
9712202,9710226
9712236,9709220
9712236,9710217
9712236,9710226
9712236,9712202
9810229,9807214
9707210,9609202
9704201,9406210
9612221,9605233
9612221,9611230
9806222,9503227
9503229,9312208
9709210,9510239
9910229,9905217
9710227,9503220
9907223,9903253
9907223,9909204
9702205,9612204
9807216,9712251
9806225,9709220
9806225,9709225
9806225,9710217
9806225,9710226
9806225,9710231
9806225,9712236
9704204,9607235
9812242,9806236
9712205,9512219
9712205,9610234
9712205,9710206
9707261,9611202
9707261,9705225
9904210,9510222
9904210,9612207
9909218,9605229
9909218,9712211
9610208,9511210
9911203,9406206
9911203,9812219
9806201,9710231
9803239,9706225
9803239,9709220
9803239,9710231
9803239,9712254
9510223,9410206
9510241,9410206
9510241,9503212
9510241,9510223
9811252,9503214
9811252,9811223
9706220,9610240
9610205,9510222
9710219,9709220
9812238,9803251
9812238,9806216
9911244,9406206
9609225,9607201
9510210,9412203
9910213,9712251
9910213,9810251
9610220,9605218
9503222,9310202
9810213,9511222
9810213,9512219
9810213,9707224
9810213,9709219
9510213,9406206
9510213,9410237
9810241,9712244
9801204,9510209
9801204,9710208
9801204,9712214
9811222,9707221
9810223,9607207
9810223,9611230
9903259,9712251
9803237,9512208
9803237,9605231
9803237,9710233
9806246,9806234
9812250,9612238
9812250,9806217
9812250,9807226
9812250,9810206
9707232,9706207
9905203,9605226
9709211,9611230
9605213,9412228
9809214,9809215
9712241,9411210
9712241,9607207
9903251,9812203
9609216,9510210
9609216,9512211
9912221,9903249
9807208,9612208
9807208,9712239
9706201,9406216
9806237,9605229
9503228,9503205
9902201,9607239
9712209,9705221
9712209,9711201
9512203,9510209
9512203,9510225
9512203,9510229
9512203,9511213
9506215,9411203
9506215,9412229
9712220,9611238
9910225,9712251
9910225,9810251
9910225,9910213
9812236,9909204
9411232,9406207
9907218,9803242
9907218,9803243
9806212,9804205
9903209,9806216
9605221,9410206
9811225,9412204
9811225,9412205
9811225,9412239
9910239,9710213
9607210,9510222
9807222,9607210
9807222,9612207
9910224,9512225
9503203,9412203
9503237,9410230
9506213,9412235
9510208,9412203
9510216,9510220
9510233,9510225
9511213,9510209
9511214,9406209
9512206,9410215
9512207,9412224
9512225,9510210
9605202,9604201
9607218,9510208
9607223,9510204
9609210,9406207
9609230,9510222
9609230,9510228
9609237,9512211
9610218,9411210
9610231,9503202
9610242,9510204
9610242,9510224
9610242,9607201
9610242,9609219
9612213,9512219
9612213,9605201
9611207,9510208
9611207,9607218
9611211,9511207
9611218,9607201
9611220,9605213
9611221,9605213
9611223,9607201
9611223,9610252
9611237,9605216
9611237,9610238
9612209,9411210
9612219,9511207
9612232,9610222
9612233,9609219
9612239,9511230
9612239,9609236
9612241,9605233
9612244,9406213
9612245,9406214
9612250,9605207
9612251,9607201
9612251,9610236
9612251,9611202
9612251,9611215
9612251,9611233
9612251,9612215
9612251,9612222
9612251,9612223
9612251,9612234
9612252,9611216
9703206,9410212
9703206,9412209
9703206,9511223
9703206,9611205
9703208,9512219
9703208,9610236
9703208,9611202
9703209,9610236
9703209,9611202
9703209,9611215
9703209,9612222
9703209,9612223
9703209,9612251
9703209,9702203
9703211,9605224
9703211,9607235
9703211,9611202
9703215,9607207
9703215,9611230
9703222,9412237
9704205,9510204
9704205,9510224
9704205,9609219
9704215,9605231
9705202,9406207
9705203,9412228
9705210,9503212
9705210,9511230
9705210,9609239
9705238,9607207
9705238,9611201
9705238,9611230
9706209,9705235
9706212,9605231
9706213,9610230
9706223,9605233
9707205,9510225
9707205,9510229
9707212,9503212
9707212,9607210
9707212,9612207
9707240,9705205
9707243,9610238
9707249,9410206
9707249,9510241
9707249,9605221
9707252,9607242
9707255,9610221
9707256,9609207
9709202,9610249
9709204,9611216
9709204,9612255
9709209,9503212
9709209,9510209
9709215,9705241
9710213,9510222
9710213,9510228
9710213,9605232
9710213,9607210
9710213,9609230
9710224,9705228
9710228,9705221
9710228,9707250
9710228,9707256
9710228,9709220
9710242,9607201
9711204,9706213
9712204,9510201
9712225,9709228
9712255,9607242
9809206,9510206
9802201,9503205
9802204,9707211
9803204,9603205
9803208,9412218
9803208,9605226
9803208,9612250
9803215,9610232
9803215,9612204
9803215,9712221
9803225,9603206
9803240,9510215
9803246,9610231
9803261,9712251
9803261,9712252
9804205,9503220
9804205,9610241
9805202,9712238
9805211,9410237
9806204,9603206
9806204,9707260
9806208,9803226
9806209,9510221
9806211,9804205
9806219,9503220
9806224,9611230
9806224,9703210
9806224,9705232
9806229,9803225
9806242,9611202
9806242,9709220
9806242,9710217
9806242,9710226
9806242,9712202
9806242,9712236
9806242,9806225
9806245,9703211
9806245,9709220
9806245,9710217
9806245,9710226
9806245,9712202
9806245,9712236
9806245,9806225
9806245,9806242
9806248,9709216
9807227,9802201
9807230,9709225
9807230,9710217
9807230,9710226
9807230,9712236
9807230,9803249
9807230,9806214
9807230,9807225
9807233,9702204
9807233,9803237
9807240,9410206
9807240,9510241
9807240,9605221
9807240,9707249
9809202,9803228
9809203,9705218
9809203,9707248
9809203,9710203
9809216,9809214
9810208,9406203
9810222,9406208
9810249,9609231
9810252,9803207
9811202,9710209
9811219,9707253
9811223,9503214
9811227,9803233
9811234,9510209
9811249,9410235
9811249,9702204
9811249,9710235
9811249,9803237
9811249,9807233
9811249,9810236
9812201,9710246
9812220,9801206
9812220,9805217
9812222,9610215
9812235,9707202
9812235,9712206
9812246,9810247
9812254,9810247
9812254,9812246
9902203,9902201
9902206,9812225
9902211,9710250
9903211,9510221
9903231,9805208
9903231,9810204
9903233,9811220
9903252,9510204
9903252,9510224
9903252,9609219
9903252,9812232
9903252,9902205
9903268,9406206
9903268,9510209
9903268,9605234
9903268,9607207
9903268,9611230
9903268,9702203
9903268,9707241
9903268,9709220
9904212,9904216
9906205,9710227
9906209,9809210
9910242,9410219
9908203,9406207
9910210,9510209
9910210,9609209
9910210,9707208
9910216,9607207
9910216,9811217
9910216,9811240
9910216,9909229
9910230,9807221
9910235,9903218
9910253,9611216
9910258,9812219
9910259,9705231
9910259,9811236
9910260,9705221
9910261,9903207
9911201,9610249
9911201,9706208
9911202,9806217
9911202,9807226
9911202,9907205
9911204,9712202
9911213,9910253
9911248,9707253
9911248,9909210
9911252,9510209
9911252,9710231
9911252,9803265
9911252,9807229
9912219,9812251
9912235,9912219
9912240,9705216
9912252,9412229